Title,Genre,Premiere,Runtime,IMDB Score,Language
David Attenborough: A Life on Our Planet,Documentary,4-Oct-20,83,9,English
Emicida: AmarElo - It's All For Yesterday,Documentary,8-Dec-20,89,8.6,Portuguese
Springsteen on Broadway,One-man show,16-Dec-18,153,8.5,English
Ben Platt: Live from Radio City Music Hall,Concert Film,20-May-20,85,8.4,English
Taylor Swift: Reputation Stadium Tour,Concert Film,31-Dec-18,125,8.4,English
Winter on Fire: Ukraine's Fight for Freedom,Documentary,9-Oct-15,91,8.4,English/Ukranian/Russian
Cuba and the Cameraman ,Documentary,24-Nov-17,114,8.3,English
Dancing with the Birds,Documentary,23-Oct-19,51,8.3,English
13th,Documentary,7-Oct-16,100,8.2,English
Disclosure: Trans Lives on Screen,Documentary,19-Jun-20,107,8.2,English
Klaus,Animation/Christmas/Comedy/Adventure,15-Nov-19,97,8.2,English
Seaspiracy,Documentary,24-Mar-21,89,8.2,English
The Three Deaths of Marisela Escobedo,Documentary,14-Oct-20,109,8.2,Spanish
Chasing Coral ,Documentary,14-Jul-17,89,8.1,English
My Octopus Teacher,Documentary,7-Sep-20,85,8.1,English
Rising Phoenix,Documentary,26-Aug-20,106,8.1,English
Struggle: The Life and Lost Art of Szukaiski,Documentary,21-Dec-18,105,8,English
A Secret Love,Documentary,29-Apr-20,82,7.9,English
Icarus,Documentary,4-Aug-17,120,7.9,English
Marriage Story,Drama,6-Dec-19,136,7.9,English
The Ivory Game,Documentary,4-Nov-16,112,7.9,English
If Anything Happens I Love You,Animation / Short,20-Nov-20,12,7.8,English
The Irishman,Crime drama,27-Nov-19,209,7.8,English
The Trial of the Chicago 7,Drama,16-Oct-20,130,7.8,English
Anima,Musical / Short,27-Jun-19,15,7.7,English
Beasts of No Nation,War drama,16-Oct-15,136,7.7,English/Akan
Brene Brown: The Call to Courage,Documentary,19-Apr-19,76,7.7,English
Crip Camp: A Disability Revolution,Documentary,25-Mar-20,108,7.7,English
"Jim & Andy: The Great Beyond - Featuring a Very Special, Contractually Obligated Mention of Tony Cliffton ",Documentary,17-Nov-17,94,7.7,English
Justin Timberlake + The Tennessee Kids,Concert Film,12-Oct-16,90,7.7,English
Road to Roma,Making-of,11-Feb-20,72,7.7,Spanish
Roma,Drama,14-Dec-18,135,7.7,Spanish
Athlete A,Documentary,24-Jun-20,104,7.6,English
Ludo,Anthology/Dark comedy,12-Nov-20,149,7.6,Hindi
Quincy,Documentary,21-Sep-18,124,7.6,English
Rolling Thunder Revue: A bob Dylan Story by Martin Scorsere,Documentary,12-Jun-19,144,7.6,English
Tell Me Who I Am,Documentary,18-Oct-19,85,7.6,English
The Bleeding Edge,Documentary,27-Jul-18,100,7.6,English
The Social Dilemma,Documentary,9-Sep-20,94,7.6,English
The Two Popes,Drama,20-Dec-19,125,7.6,English
"What Happened, Miss Simone?",Documentary,26-Jun-15,84,7.6,English
Yeh Ballet,Drama,21-Feb-20,117,7.6,Hindi
"Barbra: The Music, The Mem'ries, The Magic!",Concert Film,22-Nov-17,108,7.5,English
Blackpink: Light Up the Sky,Documentary,14-Oct-20,79,7.5,Korean
City of Joy,Documentary,7-Sep-18,74,7.5,English
Dick Johnson Is Dead,Documentary,2-Oct-20,90,7.5,English
Homecoming: A Film by Beyonce ,Documentary,17-Apr-19,137,7.5,English
Invader Zim: Enter the Florpus,Animation / Science Fiction,16-Aug-19,71,7.5,English
Joan Didion: The Center Will Not Hold,Documentary,October 27. 2017,98,7.5,English
John Mulaney & the Sack Lunch Bunch,Variety show,24-Dec-19,70,7.5,English
Reversing Roe,Documentary,13-Sep-18,99,7.5,English
The White Helmets,Documentary,September 16. 2016,40,7.5,English
American Factory,Documentary,21-Aug-19,110,7.4,English
Fire in Paradise,Documentary,1-Nov-19,39,7.4,English
Long Shot,Documentary,29-Sep-17,40,7.4,English
Miss Americana,Documentary,31-Jan-20,85,7.4,English
Period. End of Sentence.,Documentary,12-Feb-19,26,7.4,English/Hindi
Shawn Mendes: Live in Concert,Concert Film,25-Nov-20,87,7.4,English
Shirkers,Documentary,26-Oct-18,97,7.4,English
The Black Godfather,Documentary,7-Jun-19,118,7.4,English
The Irishman: In Conversation,Aftershow / Interview,27-Nov-19,23,7.4,English
The Speed Cubers,Documentary,29-Jul-20,40,7.4,English
They'll Love Me When I'm Dead,Documentary,2-Nov-18,98,7.4,English
Tig,Documentary,17-Jul-15,80,7.4,English
Dolemite Is My Name,Biopic,25-Oct-19,118,7.3,English
El Camino: A Breaking Bad Movie,Crime drama,11-Oct-19,121,7.3,English
Extremis,Documentary,13-Sep-16,24,7.3,English
Father Soldier Son,Documentary,17-Jul-20,100,7.3,English
Get Me Roger Stone,Documentary,12-May-17,101,7.3,English
I'm No Longer Here,Drama,27-May-20,105,7.3,Spanish
Mucho Mucho Amor: The Legend of Walter Mercado ,Documentary,8-Jul-20,96,7.3,Spanish/English
Octonauts & the Great Barrier Reef,Animation,13-Oct-20,47,7.3,English
Okja,Action-adventure,28-Jun-17,121,7.3,English/Korean
On My Skin,Crime drama,12-Sep-18,100,7.3,Italian
Raat Akeli Hai,Thriller,31-Jul-20,149,7.3,Hindi
ReMastered: Massacre at the Stadium,Documentary,11-Jan-19,64,7.3,English/Spanish
ReMastered: The Two Killings of Sam Cooke,Documentary,8-Feb-19,64,7.3,English
Secrets of the Saqqara Tomb,Documentary,28-Oct-20,114,7.3,English/Arabic
Sitara: Let Girls Dream,Animation / Short,8-Mar-20,15,7.3,English
Sky Ladder: The Art of Cai Guo-Qiang,Documentary,14-Oct-16,79,7.3,English/Mandarin
Team Foxcatcher,Documentary,29-Apr-16,90,7.3,English/Russian
The Ballad of Buster Scruggs,Western,16-Nov-18,132,7.3,English
The Death and Life of Marsha P. Johnson,Documentary,6-Oct-17,105,7.3,English
The Fundamentals of Caring,Comedy-drama,24-Jun-16,97,7.3,English
The Other One: The Long Strange Trip of Bob Weir,Documentary,22-May-15,83,7.3,English
American Murder: The Family Next Door,Documentary,30-Sep-20,82,7.2,English
Audrie & Daisy,Documentary,23-Sep-16,98,7.2,English
First They Killed My Father,Drama,15-Sep-17,136,7.2,Khmer/English/French
Fyre: The Greatest Party That Never Happened,Documentary,18-Jan-19,97,7.2,English
Into the Inferno,Documentary,28-Oct-16,107,7.2,English
LA Originals,Documentary,10-Apr-20,92,7.2,English
Ladies First,Documentary,8-Mar-18,39,7.2,English/Hindi
Love per Square Foot,Romantic comedy,14-Feb-18,133,7.2,Hindi
Paddleton,Drama-Comedy,22-Feb-19,89,7.2,English
Private Life,Drama,5-Oct-18,124,7.2,English
Seventeen,Coming-of-age comedy-drama,18-Oct-19,99,7.2,Spanish
Sometimes,Drama,1-May-18,101,7.2,Tamil
Soni,Crime drama,18-Jan-19,97,7.2,Hindi
The 40-Year-Old Version,Comedy,9-Oct-20,124,7.2,English
The Disciple,Drama,30-Apr-21,129,7.2,Marathi
The Edge of Democracy,Documentary,19-Jun-19,121,7.2,Portuguese
The King,Historical drama,1-Nov-19,140,7.2,English
The Road to El Camino: A Breaking Bad Movie,Making-of,29-Oct-19,13,7.2,English
The Siege of Jadotville,War,7-Oct-16,108,7.2,English
Zion ,Documentary,10-Aug-18,11,7.2,English
13th: A Conversation with Oprah Winfrey & Ava DuVernay,Aftershow / Interview,26-Jan-17,36,7.1,English
Angela's Christmas,Animation,30-Nov-18,30,7.1,English
Angela's Christmas Wish,Animation,1-Dec-20,47,7.1,English
Beats,Drama,19-Jun-19,110,7.1,English
Circus of Books,Documentary,22-Apr-20,92,7.1,English
Dance Dreams: Hot Chocolate Nutcracker,Documentary,27-Nov-20,80,7.1,English
Derren Brown: Sacrifice,Mentalism special,19-Oct-18,49,7.1,English
El Pepe: A Supreme Life,Documentary,27-Dec-19,73,7.1,Spanish
End Game,Documentary,4-May-18,40,7.1,English
Evelyn,Documentary,10-Sep-19,96,7.1,English
Ferry,Crime drama,14-May-21,106,7.1,Dutch
Grass Is Greener,Documentary,20-Apr-19,97,7.1,English
Guillermo Vilas: Settling the Score,Documentary,27-Oct-20,94,7.1,Spanish
Joshua: Teenager vs. Superpower,Documentary,26-May-17,78,7.1,English
Keith Richards: Under the Influence,Documentary,18-Sep-15,81,7.1,English
Knock Down the House,Documentary,1-May-19,87,7.1,English
Loudon Wainwright III: Surviving Twin,One-man show,13-Nov-18,91,7.1,English
My Beautiful Broken Brain,Documentary,18-Mar-16,91,7.1,English
One of Us,Documentary,20-Oct-17,95,7.1,English
Pieces of a Woman,Drama,7-Jan-21,126,7.1,English
"Ram Dass, Going Home",Documentary,6-Apr-18,31,7.1,English
ReMastered: Tricky Dick & the Man in Black,Documentary,2-Nov-18,58,7.1,English
Rooting for Roona,Documentary,15-Oct-20,41,7.1,Bengali
The Devil All the Time,Psychological thriller,16-Sep-20,138,7.1,English
The Dig,Drama,29-Jan-21,112,7.1,English
The Great Hack,Documentary,24-Jul-19,114,7.1,English
The White Tiger,Drama,22-Jan-21,125,7.1,English
To All the Boys I've Loved Before,Romantic comedy,17-Aug-18,99,7.1,English
Feminists: What Were They Thinking?,Documentary,12-Oct-18,86,7,English
Gaga: Five Foot Two,Documentary,22-Sep-17,100,7,English
I'm No Longer Here: A Discussion with Guillermo del Toro and Alfonso Cuaron,Aftershow / Interview,3-Nov-20,14,7,English
Kingdom of Us,Documentary,13-Oct-17,109,7,English
"Lorena, Light-Footed Woman",Documentary,20-Nov-19,28,7,Spanish
Los Tigres del Norte at Folsom Prison,Documentary,15-Sep-19,64,7,Spanish
Ma Rainey's Black Bottom,Drama,18-Dec-20,94,7,English
Ma Rainey's Black Bottom: A Legacy Brought to Screen,Aftershow / Interview,18-Dec-20,31,7,English
Operation Varsity Blues: The College Admissions Scandal,Documentary,17-Mar-21,99,7,English
Pele,Documentary,23-Feb-21,108,7,English
ReMastered: Devil at the Crossroads,Documentary,26-Apr-19,48,7,English
ReMastered: The Lion's Share,Documentary,17-May-19,84,7,English
ReMastered: The Miami Showband Massacre,Documentary,22-Mar-19,70,7,English
Resurface,Documentary,1-Sep-17,27,7,English
Rocko's Modern Life: Static Cling,Animation / Comedy,9-Aug-19,45,7,English
Rose Island,Comedy,9-Dec-20,117,7,Italian
The Christmas Chronicles,Christmas/Fantasy/Adventure/Comedy,22-Nov-18,104,7,English
The Dirt,Biopic,22-Mar-19,108,7,English
The Night Comes for Us,Action-thriller,19-Oct-18,121,7,Indonesian
AK vs AK,Thriller,24-Dec-20,108,6.9,Hindi
Amanda Knox,Documentary,30-Sep-16,92,6.9,English
Bigflo & Oil: Hip Hop Frenzy,Documentary,8-Oct-20,100,6.9,French
Biggie: I Got a Story to Tell,Documentary,1-Mar-21,97,6.9,English
Cops and Robbers,Animation / Short,28-Dec-20,7,6.9,English
I Don't Feel at Home in This World Anymore,Drama,24-Feb-17,96,6.9,English
Laerte-se,Documentary,19-May-17,100,6.9,Portuguese
Mank,Biopic,4-Dec-20,132,6.9,English
Our Souls at Night,Romance,29-Sep-17,103,6.9,English
Outlaw King,Historical-epic,9-Nov-18,121,6.9,English
Pagglait,Comedy-drama,26-Mar-21,114,6.9,Hindi
ReMastered: Who Shot the Sheriff?,Documentary,12-Oct-18,57,6.9,English
Seeing Allred,Documentary,9-Feb-18,95,6.9,English
Spelling the Dream,Documentary,3-Jun-20,83,6.9,English
The Claudia Kishi Club,Documentary,10-Jul-20,17,6.9,English
The Half of It,Romance,1-May-20,105,6.9,English
The Highwaymen,Crime drama,29-Mar-19,131,6.9,English
The Lonely Island Presents: The Unauthorized Bash Brothers Experience,Comedy / Musical,23-May-19,30,6.9,English
The Meyerowitz Stories (New and Selected),Comedy-drama,13-Oct-17,112,6.9,English
22-Jul,Drama,10-Oct-18,144,6.8,English
7 aÒos,Drama,28-Oct-16,76,6.8,Spanish
A Futile and Stupid Gesture,Biographical/Comedy,26-Jan-18,101,6.8,English
A Life of Speed: The Juan Manuel Fangio Story,Documentary,20-Mar-20,92,6.8,Spanish
A Love Song for Latasha,Documentary,21-Sep-20,19,6.8,English
All in My Family,Documentary,3-May-19,39,6.8,English/Mandarin
Always Be My Maybe,Romantic comedy,31-May-19,102,6.8,English
Becoming,Documentary,6-May-20,89,6.8,English
Long Live Brij Mohan,Comedy,3-Aug-18,105,6.8,Hindi
Calibre,Thriller,29-Jun-18,101,6.8,English
Death to 2020,Comedy,27-Dec-20,70,6.8,English
GIMS: On the Record,Documentary,17-Sep-20,96,6.8,French
Have a Good Trip: Adventures in Psychedelics,Documentary,11-May-20,85,6.8,English
Heroin(e) ,Documentary,12-Sep-17,39,6.8,English
Mercury 13,Documentary,20-Apr-18,79,6.8,English
Saving Capitalism,Documentary,21-Nov-17,73,6.8,English
Serious Men,Drama,2-Oct-20,114,6.8,Hindi
The Boys in the Band,Drama,30-Sep-20,121,6.8,English
The Boys in the Band: Something Personal,Aftershow / Interview,30-Sep-20,28,6.8,English
The Life Ahead,Drama,13-Nov-20,95,6.8,Italian
The Other Side of the Wind,Drama,2-Nov-18,122,6.8,English
The Trader,Documentary,9-Feb-18,23,6.8,Georgian
To the Bone,Drama,14-Jul-17,107,6.8,English
Tony Parker: The Final Shot,Documentary,6-Jan-21,98,6.8,French
A Whisker Away,Anime/Fantasy,18-Jun-20,104,6.7,Japanese
Ajeeb Daastaans,Drama,16-Apr-21,142,6.7,Hindi
Arlo the Alligator Boy,Animated musical comedy,16-Apr-21,92,6.7,English
"Bikram: Yogi, Guru, Predator",Documentary,20-Nov-19,86,6.7,English
Blame!,Anime/Science fiction,20-May-17,106,6.7,Japanese
Blue Miracle,Drama,27-May-21,95,6.7,English
CounterPunch ,Documentary,16-Jun-17,91,6.7,English
"Crack: Cocaine, Corruption & Conspiracy",Documentary,11-Jan-21,89,6.7,English
Extraction,Action,24-Apr-20,117,6.7,English
Giving Voice,Documentary,11-Dec-20,90,6.7,English
Hillbilly Elegy,Drama,24-Nov-20,117,6.7,English
Hope Frozen: A Quest to Live Twice,Documentary,15-Sep-20,80,6.7,Thia/English
Imperial Dreams,Drama,3-Feb-17,87,6.7,English
Just Another Christmas,Comedy,3-Dec-20,101,6.7,Portuguese
Little Miss Sumo,Documentary,28-Oct-19,19,6.7,Japanese
Malcolm & Marie,Romantic drama,5-Feb-21,106,6.7,English
"Michael Bolton's Big, Sexy, Valentine's Day Special",Variety Show,7-Feb-17,54,6.7,English
Moxie,Drama,3-Mar-21,111,6.7,English
Night in Paradise,Drama,9-Apr-21,132,6.7,Korean
Paper Lives,Drama,12-Mar-21,97,6.7,Turkish
Parchis: The Documentary,Documentary,10-Jul-19,106,6.7,Spanish
Tallulah,Comedy-drama,29-Jul-16,111,6.7,English
The Old Guard,Superhero/Action,10-Jul-20,124,6.7,English
Tony Robbins: I Am Not Your Guru,Documentary,July 15. 2016,116,6.7,English
Upstarts,Drama,18-Oct-19,112,6.7,Hindi
Bad Trip,Hidden-camera prank comedy,26-Mar-21,86,6.6,English
Bird Box,Psychological thriller,21-Dec-18,124,6.6,English
Bulbbul,Horror,24-Jun-20,94,6.6,Hindi
Crazy About Her,Romantic comedy,26-Feb-21,102,6.6,Spanish
Elisa & Marcela,Romance,7-Jun-19,118,6.6,Spanish
I'll Sleep When I'm Dead,Documentary,19-Aug-16,79,6.6,English
I'm Thinking of Ending Things,Psychological thriller,4-Sep-20,134,6.6,English
It Takes a Lunatic,Documentary,25-Oct-19,126,6.6,English
Milestone,Drama,7-May-21,98,6.6,Hindi
Recovery Boys,Documentary,29-Jun-18,89,6.6,English
ReMastered: Who Killed Jam Master Jay?,Documentary,7-Dec-18,58,6.6,English
Shawn Mendes: In Wonder,Documentary,23-Nov-20,83,6.6,English
Space Sweepers,Science fiction,5-Feb-21,136,6.6,Korean
The American Meme,Documentary,7-Dec-18,98,6.6,English
The Angel,Spy thriller,14-Sep-18,114,6.6,English
The Crimes That Bind,Crime drama,20-Aug-20,99,6.6,Spanish
The Red Sea Diving Resort,Spy thriller,31-Jul-19,130,6.6,English
What Would Sophia Loren Do?,Documentary,15-Jan-21,32,6.6,English
A 3 Minute Hug,Documentary,28-Oct-19,28,6.5,English/Spanish
All the Bright Places,Romance,28-Feb-20,108,6.5,English
All Together Now,Drama,28-Aug-20,93,6.5,English
Altered Carbon: Resleeved,Anime/Science fiction,19-Mar-20,74,6.5,Japanese
Antoine Griezmann: The Making of a Legend,Documentary,21-Mar-19,60,6.5,French
Canvas ,Animation / Short,11-Dec-20,9,6.5,English
Chadwick Boseman: Portrait of an Artist,Documentary,17-Apr-21,21,6.5,English
Chopsticks,Comedy,31-May-19,100,6.5,Hindi
Da 5 Bloods,War drama,12-Jun-20,155,6.5,English
Dolly Parton: A MusiCares Tribute,Documentary,7-Apr-21,55,6.5,English
Eurovision Song Contest: The Story of Fire Saga,Musical comedy,26-Jun-20,123,6.5,English
Gerald's Game,Horror thriller,29-Sep-17,103,6.5,English
His House,Thriller,30-Oct-20,93,6.5,English
Jingle Jangle: A Christmas Journey,Family/Christmas musical,13-Nov-20,119,6.5,English
Life Overtakes Me,Documentary,14-Jun-19,40,6.5,English/Swedish
Lust Stories,Drama,15-Jun-18,120,6.5,Hindi
Monster,Drama,7-May-21,98,6.5,English
Mowgli: Legend of the Jungle,Adventure,7-Dec-18,104,6.5,English
Nobody Knows I'm Here,Drama,24-Jun-20,91,6.5,Spanish
Nobody Speak: Trials of the Free Press,Documentary,23-Jun-17,95,6.5,English
Oxygen,Science fiction thriller,12-May-21,101,6.5,French
Set It Up,Romantic comedy,15-Jun-18,105,6.5,English
The Incredible Jessica James,Comedy,28-Jul-17,83,6.5,English
Tigertail,Drama,10-Apr-20,91,6.5,English/Taiwanese/Mandarin
Tramps,Romance,21-Apr-17,83,6.5,English
What Did Jack Do?,Drama / Short,20-Jan-20,17,6.5,English
Anelka: Misunderstood,Documentary,5-Aug-20,94,6.4,French
"Ariana Grande: Excuse Me, I Love You",Concert Film,21-Dec-20,97,6.4,English
ARQ,Science fiction/Thriller,16-Sep-16,88,6.4,English
Birders,Documentary,25-Sep-19,37,6.4,English/Spanish
Como CaÌdo del Cielo,Musical comedy,24-Dec-19,112,6.4,Spanish
First Match,Sports-drama,30-Mar-18,102,6.4,English
Fractured,Thriller,11-Oct-19,100,6.4,English
Irreplaceable You,Drama,16-Feb-18,96,6.4,English
Isi & Ossi,Romantic comedy,14-Feb-20,113,6.4,German
John Was Trying to Contact Aliens,Documentary,20-Aug-20,16,6.4,English
Layla Majnun,Romantic drama,11-Feb-21,119,6.4,Indonesian
Murder to Mercy: The Cyntoia Brown Story,Documentary,29-Apr-20,97,6.4,English
My Own Man,Documentary,13-Dec-14,81,6.4,English
Nappily Ever After,Comedy-drama,21-Sep-18,98,6.4,English
Over the Moon,Animation/Musical/Adventure,23-Oct-20,95,6.4,English
Street Flow,Drama,12-Oct-19,96,6.4,French
Strong Island,Documentary,September 15. 2017,107,6.4,English
Sturgill Simpson Presents: Sound & Fury,Animation / Musicial,27-Sep-19,41,6.4,English
Take Your Pills,Documentary,16-Mar-18,87,6.4,English
The Heartbreak Club,Comedy-drama,14-Jan-21,101,6.4,Indonesian
The Mars Generation,Documentary,5-May-17,97,6.4,English
The Occupant,Thriller,25-Mar-20,103,6.4,Spanish
The Willoughbys,Animation/Comedy/Adventure,22-Apr-20,90,6.4,English
Triple Frontier,Action-thriller,13-Mar-19,125,6.4,English
Two Catalonias,Documentary,28-Sep-18,116,6.4,Spanish/Catalan
Walk. Ride. Rodeo.,Drama,8-Mar-19,99,6.4,English
Wheelman,Action thriller,20-Oct-17,82,6.4,English
When We First Met,Romantic comedy,9-Feb-18,97,6.4,English
1922,Horror/Crime drama,20-Oct-17,102,6.3,English
A Tale of Two Kitchens,Documentary,22-May-19,30,6.3,English/Spanish
Alex Strangelove,Romantic comedy,8-Jun-18,99,6.3,English
Apostle,Horror-thriller,12-Oct-18,129,6.3,English
Benji,Family film,16-Mar-18,87,6.3,English
Bright,Urban fantasy,22-Dec-17,117,6.3,English
Cargo,Drama/Horror,18-May-18,104,6.3,English
Concrete Cowboy,Drama,2-Apr-21,111,6.3,English
Feel the Beat,Family/Comedy-drama,19-Jun-20,107,6.3,English
Get the Goat,Comedy,18-Mar-21,97,6.3,Portuguese
I Am Not an Easy Man,Romantic comedy,13-Apr-18,98,6.3,French
June & Kopi,Drama,28-Jan-21,90,6.3,Indonesian
Music Teacher,Drama,19-Apr-19,101,6.3,Hindi
Nail Bomber: Manhunt,Documentary,26-May-21,72,6.3,English
Notes for My Son,Drama,24-Nov-20,83,6.3,Spanish
Polar,Action,25-Jan-19,118,6.3,English
Porta dos Fundos: The Last Hangover,Comedy,21-Dec-18,44,6.3,Portuguese
Sand Castle,War,21-Apr-17,113,6.3,English
Shimmer Lake,Crime thriller,9-Jun-17,86,6.3,English
Spectral,Science fiction/Action,9-Dec-16,108,6.3,English
The Babysitter,Teen comedy horror,13-Oct-17,85,6.3,English
The Discovery,Science fiction/Drama,31-Mar-17,102,6.3,English
The Forest of Love,Drama,11-Oct-19,151,6.3,Japanese
The Laundromat,Comedy-drama,18-Oct-19,98,6.3,English
The Legend of Cocaine Island,Documentary,29-Mar-19,87,6.3,English
The Outsider,Crime drama,9-Mar-18,120,6.3,English/Japanese
Time to Hunt,Thriller,23-Apr-20,134,6.3,Korean
To All the Boys: Always and Forever,Romantic comedy,12-Feb-21,109,6.3,English
Travis Scott: Look Mom I Can Fly,Documentary,28-Aug-19,85,6.3,English
Uncorked,Drama,27-Mar-20,103,6.3,English
Alien Xmas,Stop Motion,20-Nov-20,42,6.2,English
Baggio: The Divine Ponytail,Biopic,26-May-21,92,6.2,Italian
Below Zero,Drama,29-Jan-21,106,6.2,Spanish
Citation,Drama,6-Nov-20,151,6.2,English
Crazy Awesome Teachers,Comedy-drama,17-Aug-20,101,6.2,Indonesian
Have You Ever Seen Fireflies?,Comedy,9-Apr-21,114,6.2,Turkish
High Flying Bird,Sports-drama,8-Feb-19,90,6.2,English
In the Shadow of the Moon,Thriller,27-Sep-19,115,6.2,English
Lost Bullet,Thriller,19-Jun-20,92,6.2,French
Octonauts & the Caves of Sac Actun,Animation,14-Aug-20,72,6.2,English
Offering to the Storm,Thriller,24-Jul-20,139,6.2,Spanish
Roxanne Roxanne,Biopic,23-Mar-18,98,6.2,English
Someone Great,Romantic comedy,19-Apr-19,92,6.2,English
Spenser Confidential,Action comedy,6-Mar-20,111,6.2,English
The Land of Steady Habits,Drama,14-Sep-18,98,6.2,English
The Rachel Divide,Documentary,27-Apr-18,104,6.2,English
Voyuer ,Documentary,1-Dec-17,95,6.2,English
Win It All,Comedy,7-Apr-17,88,6.2,English
6 Underground,Action,13-Dec-19,128,6.1,English
Between Two Ferns: The Movie,Comedy,20-Sep-19,82,6.1,English
Burning Sands,Drama,10-Mar-17,102,6.1,English
Casting JonBenet,Documentary,28-Apr-17,80,6.1,English
Deidra & Laney Rob a Train,Drama,17-Mar-17,94,6.1,English
Finding 'Ohana,Family,29-Jan-21,123,6.1,English
Holidate,Romantic comedy/Holiday,28-Oct-20,104,6.1,English
Holiday in the Wild,Adventure-romance,1-Nov-19,85,6.1,English
Hot Girls Wanted,Documentary,29-May-15,84,6.1,English
Like Father,Comedy,3-Aug-18,103,6.1,English
Lost Girls,Crime drama,13-Mar-20,95,6.1,English
Otherhood,Comedy,2-Aug-19,100,6.1,English
Pee-wee's Big Holiday,Adventure,18-Mar-16,89,6.1,English
Rogue City,Crime drama,30-Oct-20,116,6.1,French
Sergio,Biopic,17-Apr-20,118,6.1,English
Stuck Apart,Drama,8-Jan-21,96,6.1,Turkish
Tersanjung the Movie,Drama,1-Apr-21,114,6.1,Indonesian
The Killer,Western,10-Nov-17,99,6.1,Portuguese
The Lovebirds,Romantic comedy,22-May-20,87,6.1,English
The Most Hated Woman in America,Biopic,24-Mar-17,92,6.1,English
The Perfection,Horror-thriller,24-May-19,90,6.1,English
Tribhanga ñ Tedhi Medhi Crazy,Drama,15-Jan-21,95,6.1,Hindi
Unknown Origins,Thriller,28-Aug-20,96,6.1,Spanish
Work It,Dance comedy,7-Aug-20,93,6.1,English
Come Sunday,Biopic,13-Apr-18,106,6,English
Forgive Us Our Debts,Drama,4-May-18,104,6,Italian
iBoy,Science fiction/Thriller,27-Jan-17,90,6,English
Lovefucked,Drama,9-Aug-19,106,6,Hindi
Juanita,Drama,8-Mar-19,90,6,English
Murder Mystery,Comedy mystery,14-Jun-19,97,6,English
Project Power,Superhero,14-Aug-20,113,6,English
Rebecca,Romantic thriller,21-Oct-20,123,6,English
The Christmas Chronicles: Part Two,Christmas comedy,25-Nov-20,115,6,English
The Kissing Booth,Romantic comedy,11-May-18,105,6,English
The Princess Switch,Romantic comedy,16-Nov-18,101,6,English
To All the Boys: P.S. I Still Love You,Romantic comedy,12-Feb-20,102,6,English
War Machine,War-Comedy,26-May-17,122,6,English
6 Balloons,Drama,6-Apr-18,75,5.9,English
A Fall from Grace,Thriller,17-Jan-20,120,5.9,English
Amateur,Sports-drama,6-Apr-18,96,5.9,English
Army of the Dead,Zombie/Heist,21-May-21,148,5.9,English
Cam,Psychological horror,16-Nov-18,94,5.9,English
Earthquake Bird,Mystery,15-Nov-19,107,5.9,English
"Frankenstein's Monster's Monster, Frankenstein",Mockumentary,16-Jul-19,32,5.9,English
Horse Girl,Drama,7-Feb-20,104,5.9,English
Notes from Dunblane: Lesson from a School Shooting,Documentary,28-Sep-18,23,5.9,English
Maska,Romantic comedy,27-Mar-20,111,5.9,Hindi
The Decline,Thriller,27-Mar-20,83,5.9,French
The Minimalists: Less Is Now,Documentary,1-Jan-21,53,5.9,English
The Polka King,Comedy-drama,12-Jan-18,95,5.9,English
The Prom,Musical,11-Dec-20,132,5.9,English
True Memoirs of an International Assassin,Action comedy,11-Nov-16,98,5.9,English
Ultras,Sports film,20-Mar-20,108,5.9,Italian
15-Aug,Comedy-drama,29-Mar-19,124,5.8,Marathi
A California Christmas,Romantic comedy,14-Dec-20,107,5.8,English
A Christmas Prince,Romantic comedy,17-Nov-17,92,5.8,English
All Day and a Night,Drama,1-May-20,121,5.8,English
American Son,Drama,1-Nov-19,90,5.8,English
Barry,Biopic,16-Dec-16,104,5.8,English
Candy Jar,Comedy,27-Apr-18,92,5.8,English
Choked: Paisa Bolta Hai,Drama,5-Jun-20,114,5.8,Hindi
Class of '83,Drama,21-Aug-20,98,5.8,Hindi
Extinction,Science fiction/Thriller,27-Jul-18,95,5.8,English
Happy Anniversary,Romantic comedy,30-Mar-18,78,5.8,English
I Am All Girls,Thriller,14-May-21,107,5.8,English
Let It Snow,Romantic comedy,8-Nov-19,92,5.8,English
Mascots,Mockumentary,13-Oct-16,95,5.8,English
Operation Christmas Drop,Romantic comedy,5-Nov-20,96,5.8,English
Rajma Chawal,Comedy-drama,30-Nov-18,118,5.8,Hindi
Rich in Love,Romantic comedy,30-Apr-20,105,5.8,Portuguese
Rising High,Satire,17-Apr-20,94,5.8,German
Rodney King,One-man show,28-Apr-17,52,5.8,English
Sierra Burgess Is a Loser,Romantic comedy-drama,7-Sep-18,105,5.8,English
Small Crimes,Dark comedy,28-Apr-17,95,5.8,English
Special Correspondents,Satire,29-Apr-16,100,5.8,English
TAU,Science fiction/Thriller,29-Jun-18,97,5.8,English
The After Party,Comedy,24-Aug-18,89,5.8,English
The Babysitter: Killer Queen,Comedy/Horror,10-Sep-20,102,5.8,English
The Claus Family,Fantasy,7-Dec-20,96,5.8,Dutch
The Kissing Booth 2,Romantic comedy,24-Jul-20,131,5.8,English
The Perfect Date,Romantic comedy,12-Apr-19,89,5.8,English
What We Wanted,Drama,11-Nov-20,93,5.8,German
You've Got This,Romantic comedy,2-Oct-20,111,5.8,Spanish
A Week Away,Christian musical,26-Mar-21,97,5.7,English
Caught by a Wave,Romantic teen drama,25-Mar-21,99,5.7,Italian
Christmas Inheritance,Romantic drama,15-Dec-17,104,5.7,English
Dad Wanted,Family,11-Sep-20,102,5.7,Spanish
El Camino Christmas,Dark comedy,8-Dec-17,89,5.7,English
Eli,Horror,18-Oct-19,98,5.7,English
Ginny Weds Sunny,Romantic comedy,9-Oct-20,125,5.7,Hindi
Good Sam,Drama,16-May-19,89,5.7,English
Lionheart,Comedy,4-Jan-19,94,5.7,English
Little Evil,Comedy horror,1-Sep-17,94,5.7,English
One Take,Documentary,18-Jun-20,85,5.7,Thai
"Out of Many, One",Documentary,12-Dec-18,34,5.7,English
Point Blank,Action,12-Jul-19,86,5.7,English
Prime Time,Thriller,14-Apr-21,91,5.7,Polish
The Do-Over,Action comedy,27-May-16,108,5.7,English
The Holiday Calendar,Romantic comedy,2-Nov-18,95,5.7,English
The Woman in the Window,Psychological thriller,14-May-21,100,5.7,English
The Wrong Missy,Comedy,13-May-20,90,5.7,English
Velvet Buzzsaw,Thriller,1-Feb-19,112,5.7,English
Yes Day,Comedy,12-Mar-21,86,5.7,English
Bomb Scared,Black comedy,12-Oct-17,89,5.6,Spanish/Basque
Brahman Naman,Comedy,7-Jul-16,95,5.6,English
Double Dad,Comedy-drama,15-Jan-21,103,5.6,Portuguese
Falling Inn Love,Romantic comedy,29-Aug-19,97,5.6,English
Hold the Dark,Thriller,28-Sep-18,125,5.6,English
"Love, Guaranteed",Romantic comedy,3-Sep-20,91,5.6,English
One-Way to Tomorrow,Romance,19-Jun-20,90,5.6,Turkish
Sarah Cooper: Everything's Fine,Variety show,27-Oct-20,49,5.6,English
The Last Laugh,Comedy-drama,11-Jan-19,98,5.6,English
The Last Paradiso,Romantic drama,5-Feb-21,107,5.6,Italian
The Midnight Sky,Science fiction,23-Dec-20,118,5.6,English
The Paramedic,Thriller,16-Sep-20,94,5.6,Spanish
The Sleepover,Comedy,21-Aug-20,103,5.6,English
Vampires vs. the Bronx,Horror comedy,2-Oct-20,86,5.6,English
Why Did You Kill Me?,Documentary,14-Apr-21,83,5.6,English
A Very Murray Christmas,Comedy / Musical,4-Dec-15,56,5.5,English
Been So Long,Musical,26-Oct-18,100,5.5,English
Dead Kids,Thriller,1-Dec-19,94,5.5,Filipino
Get the Grift,Comedy,28-Apr-21,94,5.5,Portuguese
Ghosts of Sugar Land,Documentary,October 16. 2019,21,5.5,English
House Arrest,Comedy,15-Nov-19,104,5.5,Hindi
Kevin Hart's Guide to Black History,Variety show,8-Feb-19,63,5.5,English
Love Wedding Repeat,Romantic comedy,10-Apr-20,100,5.5,English
Mute,Science fiction/Mystery,23-Feb-18,126,5.5,English
“lÚt?rÈ,Crime drama,2-Oct-20,106,5.5,English
Red Dot,Thriller,11-Feb-21,86,5.5,Swedish
Ride or Die,Psychological thriller drama,15-Apr-21,142,5.5,Japanese
Step Sisters,Comedy,19-Jan-18,108,5.5,English
The Cloverfield Paradox,Science fiction,4-Feb-18,102,5.5,English
The Knight Before Christmas,Romantic comedy,21-Nov-19,92,5.5,English
The Legacy of a Whitetail Deer Hunter,Adventure/Comedy,6-Jul-18,83,5.5,English
The Package,Black comedy,10-Aug-18,94,5.5,English
Unicorn Store,Comedy,5-Apr-19,92,5.5,English
Wine Country,Comedy,10-May-19,103,5.5,English
A Babysitter's Guide to Monster Hunting,Comedy/Fantasy/Family,15-Oct-20,98,5.4,English
A Christmas Prince: The Royal Baby,Romantic comedy,5-Dec-19,85,5.4,English
Despite Everything,Comedy,3-May-19,78,5.4,Spanish
Dolly Kitty and Those Twinkling Stars,Drama,18-Sep-20,120,5.4,Hindi
Freaks: You're One of Us,Supernatural drama,2-Sep-20,92,5.4,German
"Game Over, Man!",Action/Comedy,23-Mar-18,101,5.4,English
Guilty,Thriller,6-Mar-20,119,5.4,Hindi
In the Tall Grass,Horror,4-Oct-19,101,5.4,English
Madame Claude,Drama,2-Apr-21,112,5.4,French
Naked,Comedy,11-Aug-17,96,5.4,English
Outside the Wire,Action/Science fiction,15-Jan-21,114,5.4,English
The Princess Switch: Switched Again,Romantic comedy,19-Nov-20,97,5.4,English
Under the Riccione Sun,Romantic teenage drama,1-Jul-20,101,5.4,Italian
A Christmas Prince: The Royal Wedding,Romantic comedy,30-Nov-18,92,5.3,English
Back to School,Comedy,30-Aug-19,83,5.3,French
Dangerous Lies,Thriller,30-Apr-20,97,5.3,English
Gunjan Saxena: The Kargil Girl,Drama,12-Aug-20,112,5.3,Hindi
Intuition,Thriller,28-May-20,116,5.3,Spanish
The Most Assassinated Woman in the World,Thriller,7-Sep-18,102,5.3,French
Things Heard & Seen,Horror,29-Apr-21,121,5.3,English
"To Each, Her Own",Romantic comedy,24-Jun-18,95,5.3,French
Who Would You Take to a Deserted Island?,Drama,12-Apr-19,93,5.3,Spanish
XOXO,Drama,26-Aug-16,92,5.3,English
#REALITYHIGH,Comedy,8-Sep-17,99,5.2,English
American Factory: A Conversation with the Obamas ,Aftershow / Interview,21-Aug-19,10,5.2,English
Desperados,Romantic comedy,3-Jul-20,106,5.2,English
Dolly Parton's Christmas on the Square,Christmas musical,22-Nov-20,98,5.2,English
Father of the Year,Comedy,20-Jul-18,94,5.2,English
Firebrand,Drama,22-Feb-19,112,5.2,Marathi
Ghost Lab,Horror,26-May-21,117,5.2,Thai
Girlfriend's Day,Comedy,14-Feb-17,70,5.2,English
Handsome: A Netflix Mystery Movie,Comedy,5-May-17,81,5.2,English
Hubie Halloween,Comedy,7-Oct-20,103,5.2,English
Ibiza,Comedy,25-May-18,94,5.2,English
Rim of the World,Science fiction adventure,24-May-19,98,5.2,English
Sandy Wexler,Comedy,14-Apr-17,131,5.2,English
See You Yesterday,Science fiction,17-May-19,87,5.2,English
Still Laugh-In: The Stars Celebrate,Variety show,14-May-19,60,5.2,English
"Strip Down, Rise Up",Documentary,5-Feb-21,112,5.2,English
Tall Girl,Comedy-drama,13-Sep-19,102,5.2,English
The Beast,Drama,27-Nov-20,99,5.2,Italian
The Week Of,Comedy,27-Apr-18,116,5.2,English
Cadaver,Horror,22-Oct-20,86,5.1,Norwegian
Clinical,Thriller,13-Jan-17,104,5.1,English
Coffee & Kareem,Action comedy,3-Apr-20,88,5.1,English
Dude,Teen comedy-drama,20-Apr-18,97,5.1,English
Geez & Ann,Romantic drama,25-Feb-21,105,5.1,Indonesian
The Larva Island Movie,Animation,23-Jul-20,90,5.1,English
Airplane Mode,Comedy,23-Jan-20,96,5,Portuguese
How It Ends,Action-thriller,13-Jul-18,113,5,English
Love Like the Falling Rain,Drama,15-Oct-20,86,5,Indonesian
Rebirth,Thriller,15-Jul-16,100,5,English
Squared Love,Romantic comedy,11-Feb-21,102,5,Polish
Earth and Blood,Action,17-Apr-20,80,4.9,French
Fearless,Animation/Superhero,14-Aug-20,89,4.9,English
Holiday Rush,Family film,28-Nov-19,94,4.9,English
The Day of the Lord,Drama,30-Oct-20,93,4.9,Spanish
Christmas Crossfire,Thriller,4-Dec-20,106,4.8,German
Coin Heist,Heist,6-Jan-17,97,4.8,English
Mrs. Serial Killer,Thriller,1-May-20,106,4.8,Hindi
Nobody Sleeps in the Woods Tonight,Horror,28-Oct-20,103,4.8,Polish
Take the 10,Comedy,20-Jan-17,80,4.8,English
The Main Event,Comedy,10-Apr-20,101,4.8,English
The Ridiculous 6,Western,11-Dec-15,119,4.8,English
Finding Agnes,Drama,30-Nov-20,105,4.7,Filipino
IO,Science fiction/Drama,18-Jan-19,95,4.7,English
Sentinelle,Action,5-Mar-21,80,4.7,French
Sol Levante,Anime / Short,2-Apr-20,4,4.7,English
The Binding,Drama,2-Oct-20,93,4.7,Italian
We Can Be Heroes,Superhero,25-Dec-20,100,4.7,English
5 Star Christmas,Comedy,7-Dec-18,95,4.6,Italian
After Maria,Documentary,24-May-19,37,4.6,English/Spanish
I Am the Pretty Thing That Lives in the House,Horror,28-Oct-16,89,4.6,English
Paris Is Us,Romance drama,22-Feb-19,83,4.6,French
Porta dos Fundos: The First Temptation of Christ,Comedy,3-Dec-19,46,4.6,Portuguese
Rattlesnake,Horror,25-Oct-19,85,4.6,English
The Players,Comedy,15-Jul-20,88,4.6,Italian
We Are One,Documentary,14-Jul-20,86,4.6,French
Fatal Affair,Thriller,16-Jul-20,89,4.5,English
Just Say Yes,Romantic comedy,2-Apr-21,97,4.5,Dutch
Seriously Single,Comedy,31-Jul-20,107,4.5,English
The Misadventures of Hedi and Cokeman,Comedy,10-Feb-21,99,4.5,French
Death Note,Horror thriller,25-Aug-17,100,4.4,English
"Hello Privilege. It's Me, Chelsea",Documentary,13-Sep-19,64,4.4,English
Secret Obsession,Thriller,18-Jul-19,97,4.4,English
Sextuplets,Comedy,16-Aug-19,99,4.4,English
The Girl on the Train,Thriller,26-Feb-21,120,4.4,Hindi
Thunder Force,Superhero-Comedy,9-Apr-21,105,4.4,English
After the Raid,Documentary,19-Dec-19,25,4.3,Spanish
Ghost Stories,Horror anthology,1-Jan-20,144,4.3,Hindi
The Last Thing He Wanted,Political thriller,21-Feb-20,115,4.3,English
What Happened to Mr. Cha?,Comedy,1-Jan-21,102,4.3,Korean
All Because of You,Action comedy,1-Oct-20,101,4.2,Malay
Mercy,Thriller,22-Nov-16,90,4.2,English
Sardar Ka Grandson,Comedy,18-May-21,139,4.1,Hindi
Searching for Sheela,Documentary,22-Apr-21,58,4.1,English
The Call,Drama,27-Nov-20,112,4.1,Korean
Whipped,Romantic comedy,18-Sep-20,97,4.1,Indonesian
Paradox,Musical/Western/Fantasy,23-Mar-18,73,3.9,English
Leyla Everlasting,Comedy,4-Dec-20,112,3.7,Turkish
The Last Days of American Crime,Heist film/Thriller,5-Jun-20,149,3.7,English
Drive,Action,1-Nov-19,147,3.5,Hindi
Kaali Khuhi,Mystery,30-Oct-20,90,3.4,Hindi
The Open House,Horror thriller,19-Jan-18,94,3.2,English
Dark Forces,Thriller,21-Aug-20,81,2.6,Spanish
The App,Science fiction/Drama,26-Dec-19,79,2.6,Italian
Enter the Anime,Documentary,5-Aug-19,58,2.5,English/Japanese